{
  "train": {
    "auc": 0.6718560927746553,
    "logloss": 0.5872981443313907,
    "brier": 0.20309752222874689,
    "n": 876111
  },
  "val": {
    "auc": 0.646288010716702,
    "logloss": 0.6136005798791779,
    "brier": 0.21277504916103587,
    "n": 31275
  },
  "test": {
    "auc": 0.6431030980674263,
    "logloss": 0.6064723607843808,
    "brier": 0.20994582362563186,
    "n": 32689
  },
  "config": {
    "train_end_year": 2022,
    "val_end_year": 2023,
    "n_features": 43,
    "model_type": "xgboost",
    "calibration_method": null,
    "split_strategy": "year",
    "auto_bounds": true,
    "recency_half_life": null,
    "xgb_params": {
      "max_depth": 4,
      "min_child_weight": 5,
      "subsample": 0.9,
      "colsample_bytree": 0.8,
      "n_estimators": 600,
      "learning_rate": 0.05,
      "reg_lambda": 1.2
    },
    "calibration": "none",
    "player_features": false
  }
}