{
  "train": {
    "auc": 0.6710648954730659,
    "logloss": 0.5876664894620436,
    "brier": 0.2032482268208631,
    "n": 876111
  },
  "val": {
    "auc": 0.6464739022813246,
    "logloss": 0.6136256297507685,
    "brier": 0.2127865502112284,
    "n": 31275
  },
  "test": {
    "auc": 0.6429448988689689,
    "logloss": 0.6066320985996873,
    "brier": 0.20999794327625715,
    "n": 32689
  },
  "config": {
    "train_end_year": 2022,
    "val_end_year": 2023,
    "n_features": 43,
    "model_type": "xgboost",
    "calibration_method": null,
    "split_strategy": "year",
    "auto_bounds": true,
    "recency_half_life": null,
    "xgb_params": {
      "max_depth": 3,
      "min_child_weight": 1,
      "subsample": 0.9,
      "colsample_bytree": 0.9,
      "n_estimators": 1200,
      "learning_rate": 0.05,
      "reg_lambda": 1.0,
      "gamma": 0.0,
      "reg_alpha": 0.0
    },
    "calibration": "none",
    "player_features": false
  }
}