{
  "train": {
    "auc": 0.6724630517138815,
    "logloss": 0.5869446152659467,
    "brier": 0.20295888856471178,
    "n": 876111
  },
  "val": {
    "auc": 0.6461238271518841,
    "logloss": 0.6137634610216599,
    "brier": 0.21283143835023327,
    "n": 31275
  },
  "test": {
    "auc": 0.6428223217122486,
    "logloss": 0.6066961038649901,
    "brier": 0.21002328502515982,
    "n": 32689
  },
  "config": {
    "train_end_year": 2022,
    "val_end_year": 2023,
    "n_features": 43,
    "model_type": "xgboost",
    "calibration_method": null,
    "split_strategy": "year",
    "auto_bounds": true,
    "recency_half_life": null,
    "xgb_params": {
      "max_depth": 4,
      "min_child_weight": 1,
      "subsample": 1.0,
      "colsample_bytree": 1.0,
      "n_estimators": 1200,
      "learning_rate": 0.03,
      "reg_lambda": 1.0,
      "gamma": 0.0,
      "reg_alpha": 0.0
    },
    "calibration": "none"
  }
}