{
  "train": {
    "auc": 0.6718166294017501,
    "logloss": 0.5873116551694149,
    "brier": 0.20310398380812045,
    "n": 876111
  },
  "val": {
    "auc": 0.6461206119893258,
    "logloss": 0.6136664877648933,
    "brier": 0.21280358580440684,
    "n": 31275
  },
  "test": {
    "auc": 0.6430326485745205,
    "logloss": 0.6065302004534737,
    "brier": 0.2099655566885743,
    "n": 32689
  },
  "config": {
    "train_end_year": 2022,
    "val_end_year": 2023,
    "n_features": 53,
    "model_type": "xgboost",
    "calibration_method": null,
    "split_strategy": "year",
    "auto_bounds": true,
    "recency_half_life": null,
    "xgb_params": {
      "max_depth": 4,
      "min_child_weight": 5,
      "subsample": 0.9,
      "colsample_bytree": 0.8,
      "n_estimators": 600,
      "learning_rate": 0.05,
      "reg_lambda": 1.2
    },
    "calibration": "none",
    "player_features": false
  }
}